continent,CO2_emissions
Europe,5666.8997795999985
Africa,1805.37749093
South America,2171.7118469300003
Asia,8579.717372997
Oceania,343.9493617670001
North America,6458.884979099999
